community_area,community_area_name,n_crimes,hardship_index,pct_below_poverty,pct_unemployed,per_capita_income
38,GRAND BOULEVARD,99216,57.0,29.3,24.3,23472.0
70,ASHBURN,65081,37.0,10.4,11.7,23482.0
14,ALBANY PARK,64187,53.0,19.2,10.0,21323.0
46,SOUTH CHICAGO,132217,75.0,29.8,19.7,16579.0
67,WEST ENGLEWOOD,205117,89.0,34.4,35.9,11317.0
13,NORTH PARK,24157,33.0,13.2,9.9,26576.0
18,MONTCLAIRE,17077,50.0,15.3,13.8,22014.0
12,FOREST GLEN,13342,11.0,7.5,6.8,44164.0
23,HUMBOLDT PARK,223982,85.0,33.9,17.3,13781.0
48,CALUMET HEIGHTS,39197,38.0,11.5,20.0,28887.0
6,LAKE VIEW,144756,5.0,11.4,4.7,60058.0
16,IRVING PARK,80918,34.0,13.1,10.0,27249.0
51,SOUTH DEERING,47279,65.0,29.2,16.3,14685.0
64,CLEARING,28527,29.0,8.9,9.5,25113.0
39,KENWOOD,41525,26.0,21.7,15.7,35911.0
17,DUNNING,44302,28.0,10.6,10.0,26282.0
62,WEST ELSDON,27501,69.0,15.6,16.7,15754.0
74,MOUNT GREENWOOD,16132,16.0,3.4,8.7,34381.0
9,EDISON PARK,7128,8.0,3.3,6.5,40959.0
31,LOWER WEST SIDE,70496,76.0,25.8,15.8,16444.0
49,ROSELAND,190600,52.0,19.8,20.3,17949.0
77,EDGEWATER,71823,19.0,18.2,9.2,33385.0
5,NORTH CENTER,42353,6.0,7.5,5.2,57123.0
57,ARCHER HEIGHTS,25800,67.0,14.1,16.5,16134.0
58,BRIGHTON PARK,69144,84.0,23.6,13.9,13089.0
76,O'HARE,43640,24.0,15.4,7.1,25828.0
10,NORWOOD PARK,31280,21.0,5.4,9.0,32875.0
69,GREATER GRAND CROSSING,178267,66.0,29.6,23.0,17285.0
27,EAST GARFIELD PARK,134276,83.0,42.4,19.6,12961.0
33,NEAR SOUTH SIDE,55471,7.0,13.8,4.9,59077.0
26,WEST GARFIELD PARK,135522,92.0,41.7,25.8,10934.0
47,BURNSIDE,10731,79.0,33.0,18.6,12515.0
3,UPTOWN,105063,20.0,24.0,8.9,35787.0
1,ROGERS PARK,110627,39.0,23.6,8.7,23939.0
7,LINCOLN PARK,111392,2.0,12.3,5.1,71551.0
41,HYDE PARK,46175,14.0,18.4,8.4,39056.0
34,ARMOUR SQUARE,27148,82.0,40.1,16.7,16148.0
72,BEVERLY,26039,12.0,5.1,8.0,39523.0
11,JEFFERSON PARK,28643,25.0,8.6,12.4,27751.0
73,WASHINGTON HEIGHT,85436,48.0,16.9,20.8,19713.0
25,AUSTIN,448276,73.0,28.6,22.6,15957.0
56,GARFIELD RIDGE,59169,32.0,8.8,11.3,26353.0
65,WEST LAWN,52703,56.0,14.9,9.6,16907.0
37,FULLER PARK,23785,97.0,51.2,33.9,10432.0
50,PULLMAN,29002,51.0,21.6,22.8,20588.0
52,EAST SIDE,35408,64.0,19.2,12.1,17104.0
71,AUBURN GRESHAM,203100,74.0,27.6,28.3,15528.0
42,WOODLAWN,114737,58.0,30.7,23.4,18672.0
29,NORTH LAWNDALE,209901,87.0,43.1,21.2,12034.0
44,CHATHAM,158031,60.0,27.8,24.0,18881.0
19,BELMONT CRAGIN,131404,70.0,18.7,14.6,15461.0
30,SOUTH LAWNDALE,120464,96.0,30.7,15.8,10402.0
53,WEST PULLMAN,117229,62.0,25.9,19.4,16563.0
43,SOUTH SHORE,236555,55.0,31.1,20.0,19398.0
40,WASHINGTON PARK,75810,88.0,42.1,28.6,13785.0
61,NEW CITY,144352,91.0,29.0,23.0,12765.0
68,ENGLEWOOD,187126,94.0,46.6,28.0,11888.0
54,RIVERDALE,32396,98.0,56.5,34.6,8201.0
20,HERMOSA,43084,71.0,20.5,13.1,15089.0
15,PORTAGE PARK,90729,35.0,11.6,12.6,24336.0
22,LOGAN SQUARE,148347,23.0,16.8,8.2,31908.0
28,NEAR WEST SIDE,217006,15.0,20.6,10.7,44689.0
4,LINCOLN SQUARE,51280,17.0,10.9,8.2,37524.0
2,WEST RIDGE,91678,46.0,17.2,8.8,23040.0
36,OAKLAND,16513,78.0,39.7,28.7,19252.0
45,AVALON PARK,36736,41.0,17.2,21.1,24454.0
32,LOOP,177732,3.0,14.7,5.7,65526.0
60,BRIDGEPORT,45725,43.0,18.9,13.7,22694.0
59,MCKINLEY PARK,29131,61.0,18.7,13.4,16954.0
55,HEGEWISCH,15840,44.0,17.1,9.6,22677.0
66,CHICAGO LAWN,174517,80.0,27.9,17.1,13231.0
63,GAGE PARK,65274,93.0,23.4,18.2,12171.0
35,DOUGLAS,79828,47.0,29.6,18.2,23791.0
21,AVONDALE,66413,42.0,15.3,9.2,20039.0
24,WEST TOWN,210238,10.0,14.7,6.6,43198.0
8,NEAR NORTH SIDE,252839,1.0,12.9,7.0,88669.0
75,MORGAN PARK,57187,30.0,13.2,15.0,27149.0
