k,wssse,silhouette,seconds
2,5236901.75412767,0.3711720116051232,4.001313924789429
3,3967598.075895245,0.39093330708526247,3.156676769256592
4,3345049.698658225,0.40358393154405336,2.991166830062866
5,2893802.8439673586,0.4061229886297189,2.9137871265411377
6,2694500.682367485,0.3797782219548018,2.9673569202423096
7,2307585.811561877,0.3951053399240205,3.6108391284942627
8,2123121.0000000466,0.38896879956407265,2.9402830600738525
9,1961288.5341599043,0.39263600195697473,3.1516120433807373
10,1872740.0432113267,0.37726118744108983,3.180946111679077
