model,label,class_name,train_support,precision,recall,f1
RF_unweighted,0.0,THEFT,1531352,0.2909242525431796,0.8252841801168121,0.4301977591479633
RF_unweighted,1.0,BATTERY,1329506,0.40569904850236427,0.602276778579595,0.4848193963384463
RF_unweighted,2.0,OTHER,1188192,0.3220090175107476,0.06692891935185084,0.11082341690499174
RF_unweighted,3.0,CRIMINAL DAMAGE,826577,0.2733812949640288,0.0014524605828953655,0.0028895690359865404
RF_unweighted,4.0,NARCOTICS,736089,0.1255560899362751,0.41958814665996985,0.19327672766813966
RF_unweighted,5.0,ASSAULT,459967,0.0,0.0,0.0
RF_unweighted,6.0,OTHER OFFENSE,450529,0.3939393939393939,0.0004569420035149385,0.0009128251939753537
RF_unweighted,7.0,BURGLARY,407994,0.13067458633856596,0.021612518419760016,0.03709055876685934
RF_unweighted,8.0,MOTOR VEHICLE THEFT,334532,0.0,0.0,0.0
RF_weighted,0.0,THEFT,1531352,0.4139740723148395,0.37401871506625634,0.3929834208572764
RF_weighted,1.0,BATTERY,1329506,0.5243620125200334,0.47059980576079075,0.49602840371632567
RF_weighted,2.0,OTHER,1188192,0.23139246284198214,0.08838496660092188,0.12791156108561608
RF_weighted,3.0,CRIMINAL DAMAGE,826577,0.18497109826589594,0.0006115623506927854,0.0012190940607261227
RF_weighted,4.0,NARCOTICS,736089,0.13594213145514372,0.5021597187343043,0.2139616504023284
RF_weighted,5.0,ASSAULT,459967,0.2631578947368421,0.0003647593803953992,0.0007285089849441478
RF_weighted,6.0,OTHER OFFENSE,450529,0.1513094083414161,0.14804920913884007,0.1496615559543056
RF_weighted,7.0,BURGLARY,407994,0.09024764554558201,0.5735737842958389,0.15595665114859195
RF_weighted,8.0,MOTOR VEHICLE THEFT,334532,0.221,0.669237012987013,0.33227416454832914
