month,mean_crimes,mean_temp_c
1,881.3225806451613,-3.1502949852507376
2,852.3462157809984,-2.1679611650485437
3,923.1627565982404,4.225997045790251
4,950.1090909090909,10.317835365853659
5,1001.2008797653959,16.32960235640648
6,1032.7878787878788,22.142225609756096
7,1051.492668621701,24.70825958702065
8,1041.4970674486804,23.880206794682422
9,1012.2681818181818,20.076631259484067
10,991.3900293255132,12.806774668630338
11,922.4515151515152,6.006686930091186
12,849.8020527859237,-0.056093979441997066
